Batter,Pitcher,AB,H,XBH,HR,RBI,BB,K,AVG,OBP,SLG,OPS,Result
Yolmer Sanchez,Rick Porcello,12,5,2,0,1,0,1,0.417,0.417,0.583,1,0
Adam Jones,Marco Estrada,25,9,4,2,4,2,6,0.36,0.407,0.68,1.087,0
Curtis Granderson,Alex Cobb,10,3,1,0,0,4,1,0.3,0.533,0.4,0.933,1
Miguel Cabrera,Corey Kluber,60,23,9,6,12,4,13,0.383,0.422,0.733,1.155,0
Victor Martinez,Corey Kluber,46,15,3,3,7,3,5,0.326,0.38,0.522,0.902,0
Starlin Castro,Clayton Richard,12,4,1,1,2,2,0,0.333,0.429,0.583,1.012,0
Jean Segura,Nathan Eovaldi,10,4,1,0,0,0,0,0.4,0.4,0.5,0.9,0
Matt Carpenter,Anthony DeSclafani,14,6,4,2,3,4,3,0.429,0.556,1.071,1.627,1
Javier Baez,Ivan Nova,10,2,2,2,2,0,3,0.2,0.2,0.8,1,0
Ian Happ,Ivan Nova,12,3,2,2,4,0,2,0.25,0.25,0.75,1,0
Corey Dickerson,Kyle Hendricks,12,4,1,0,1,1,0,0.333,0.385,0.5,0.885,1
Josh Harrison,Kyle Hendricks,21,9,3,2,2,1,1,0.429,0.455,0.762,1.216,1
Gregory Polanco,Kyle Hendricks,26,10,4,2,4,1,5,0.385,0.393,0.692,1.085,1
Jose Altuve,Matt Moore,12,4,1,1,2,1,3,0.333,0.385,0.583,0.968,1
Adrian Beltre,Dallas Keuchel,65,19,9,2,6,8,6,0.292,0.37,0.492,0.862,1
Brandon Crawford,Max Scherzer,12,3,3,1,3,1,7,0.25,0.308,0.667,0.974,1
Hunter Pence,Max Scherzer,11,3,2,1,3,0,7,0.273,0.273,0.636,0.909,0
Pablo Sandoval,Max Scherzer,14,5,3,2,4,1,5,0.357,0.4,0.857,1.257,0
Russell Martin,Alex Cobb,14,3,0,0,3,0,5,0.214,0.214,0.214,0.429,0
Kendrys Morales,Alex Cobb,18,4,0,0,1,0,5,0.222,0.222,0.222,0.444,1
Billy Hamilton,Carlos Martinez,23,4,3,1,1,1,8,0.174,0.208,0.391,0.6,1
Scott Schebler,Carlos Martinez,15,3,1,1,1,2,3,0.2,0.333,0.4,0.733,0
Jose Iglesias,Corey Kluber,21,4,2,0,0,0,4,0.19,0.261,0.286,0.547,0
Yadier Molina,Anthony DeSclafani,14,2,1,1,1,0,1,0.143,0.143,0.357,0.5,0
Kolten Wong,Anthony DeSclafani,11,0,0,0,0,0,6,0,0,0,0,0
Jason Heyward,Ivan Nova,13,2,0,0,0,0,3,0.154,0.154,0.154,0.308,1
Josh Bell,Kyle Hendricks,17,3,1,0,0,1,2,0.176,0.222,0.235,0.458,1
Delino DeShields Jr.,Dallas Keuchel,34,6,2,1,2,2,9,0.176,0.222,0.294,0.516,1
Rougned Odor,Dallas Keuchel,36,3,2,1,3,1,10,0.083,0.128,0.194,0.323,1
DJ LeMahieu,Zack Godley,11,1,0,0,0,0,1,0.091,0.091,0.091,0.182,1
Evan Longoria,Max Scherzer,16,2,1,1,2,2,6,0.125,0.211,0.313,0.523,0
Joe Panik,Max Scherzer,11,2,2,0,0,1,1,0.182,0.25,0.364,0.614,0
Starlin Castro,Dylan Bundy,14,5,2,2,5,1,3,0.357,0.438,0.786,1.223,1
Curtis Granderson,Tanner Roark,27,9,5,1,6,3,5,0.333,0.4,0.593,0.993,0
Michael Brantley,Jake Odorizzi,14,4,2,1,1,1,3,0.286,0.333,0.571,0.905,1
Jordy Mercer,Anthony DeSclafani,10,4,1,0,2,0,0,0.4,0.4,0.5,0.9,1
Adeiny Hechavarria,CC Sabathia,10,4,2,0,1,0,3,0.4,0.4,0.7,1.1,1
Christian Yelich,Aaron Nola,16,6,3,1,3,0,4,0.375,0.375,0.75,1.125,1
Carlos Gonzalez,Yovani Gallardo,19,8,3,1,2,3,4,0.421,0.5,0.684,1.184,1
Asdrubal Cabrera,Clay Buchholz,16,8,4,2,2,3,1,0.5,0.579,1,1.579,1
Edwin Encarnacion,Jake Odorizzi,35,6,4,2,6,3,3,0.171,0.237,0.4,0.637,0
Josh Harrison,Anthony DeSclafani,11,1,0,0,0,0,2,0.091,0.167,0.091,0.258,1
Gregory Polanco,Anthony DeSclafani,15,3,1,0,1,1,5,0.2,0.25,0.267,0.517,1
Nick Castellanos,James Shields,28,6,2,1,2,0,8,0.214,0.214,0.357,0.571,1
Jose Iglesias,James Shields,19,4,1,0,2,0,2,0.211,0.2,0.263,0.463,1
Leonys Martin,James Shields,10,1,0,0,1,2,3,0.1,0.25,0.1,0.35,1
James McCann,James Shields,10,2,0,0,2,1,2,0.2,0.273,0.2,0.473,0
Jonathan Villar,Aaron Nola,10,2,0,0,0,3,1,0.2,0.385,0.2,0.585,1
Gerardo Parra,Yovani Gallardo,22,5,1,0,0,0,6,0.227,0.227,0.273,0.5,1
Adam Eaton,Sonny Gray,11,4,1,0,0,2,1,0.364,0.462,0.455,0.916,1
Carlos Gomez,Gerrit Cole,12,5,1,0,0,1,3,0.417,0.5,0.583,1.083,1
Alcides Escobar,Bartolo Colon,10,4,0,0,2,0,0,0.4,0.4,0.4,0.8,1
Alex Gordon,Bartolo Colon,13,4,3,1,5,3,7,0.308,0.471,0.692,1.163,1
Ian Desmond,Jacob deGrom,16,5,1,1,5,1,7,0.313,0.353,0.5,0.853,1
Carlos Gonzalez,Jacob deGrom,10,3,2,1,1,2,2,0.3,0.417,0.7,1.117,1
Albert Pujols,Zack Greinke,29,10,6,0,2,3,4,0.345,0.394,0.552,0.946,1
Mike Trout,Zack Greinke,13,5,3,0,4,0,2,0.385,0.385,0.769,1.154,1
Justin Upton,Zack Greinke,29,10,5,2,4,5,5,0.345,0.441,0.69,1.131,1
Luis Valbuena,Zack Greinke,26,11,4,1,2,1,8,0.423,0.444,0.654,1.098,0
Marcell Ozuna,Nick Pivetta,10,2,1,1,2,0,2,0.2,0.2,0.5,0.7,0
Yolmer Sanchez,Trevor Bauer,22,1,1,1,2,1,11,0.045,0.192,0.182,0.374,1
Wilson Ramos,Gerrit Cole,10,2,1,1,2,0,2,0.2,0.2,0.5,0.7,1
Shin-Soo Choo,Ian Kennedy,14,2,0,0,0,4,2,0.143,0.368,0.143,0.511,1
Nomar Mazara,Ian Kennedy,10,1,0,0,0,2,2,0.1,0.25,0.1,0.35,1
Matt Kemp,Tyler Chatwood,17,6,1,1,2,1,2,0.353,0.4,0.529,0.929,0
Hernan Perez,Jameson Taillon,15,6,4,3,8,1,1,0.4,0.438,1.067,1.504,0
Freddie Freeman,Jaime Garcia,13,4,2,2,5,1,7,0.308,0.4,0.769,1.169,1
Jose Ramirez,Carlos Rodon,18,5,2,0,3,4,2,0.278,0.409,0.444,0.854,1
Jose Abreu,Mike Clevinger,14,4,2,2,3,0,3,0.286,0.286,0.714,1,1
Brian Dozier,Chris Sale,41,12,7,3,11,2,12,0.293,0.341,0.61,0.951,0
Eddie Rosario,Chris Sale,10,5,0,0,1,0,3,0.5,0.5,0.5,1,0
Whit Merrifield,Cole Hamels,10,3,2,0,0,1,1,0.3,0.364,0.6,0.964,0
Elvis Andrus,Jason Hammel,14,6,1,0,3,0,1,0.429,0.429,0.571,1,1
Adrian Beltre,Jason Hammel,18,5,2,1,4,2,3,0.278,0.35,0.5,0.85,0
Shin-Soo Choo,Jason Hammel,16,6,2,0,0,2,3,0.375,0.444,0.5,0.944,1
Chris Iannetta,Jason Vargas,11,4,2,1,5,1,4,0.364,0.417,0.727,1.144,1
Andrew McCutchen,Dan Straily,25,7,4,1,5,3,5,0.28,0.357,0.52,0.877,1
Justin Turner,Tyler Chatwood,17,3,2,0,0,2,3,0.176,0.263,0.294,0.557,1
Marcell Ozuna,Vince Velasquez,15,3,1,1,1,2,3,0.2,0.294,0.4,0.694,0
Michael Brantley,Carlos Rodon,14,2,0,0,1,0,4,0.143,0.143,0.143,0.286,1
Jason Kipnis,Carlos Rodon,27,6,2,0,1,0,6,0.222,0.214,0.296,0.511,1
Kendrys Morales,Anibal Sanchez,31,10,3,1,4,3,6,0.323,0.382,0.484,0.866,1
Kevin Pillar,Anibal Sanchez,12,5,0,0,1,0,1,0.417,0.417,0.417,0.833,0
Tommy Pham,Jake Arrieta,11,5,3,1,3,2,3,0.455,0.538,0.909,1.448,0
Jose Abreu,Corey Kluber,47,16,8,5,12,4,15,0.34,0.385,0.723,1.108,1
Tim Anderson,Corey Kluber,14,5,3,0,1,1,4,0.357,0.4,0.571,0.971,0
Enrique Hernandez,Jon Lester,14,4,3,2,6,1,4,0.286,0.333,0.857,1.19,1
Matt Kemp,Jon Lester,11,3,1,1,1,1,3,0.273,0.333,0.545,0.879,0
Danny Valencia,Gio Gonzalez,12,5,1,0,2,1,0,0.417,0.462,0.5,0.962,1
Bryce Harper,Andrew Cashner,11,5,0,0,1,2,4,0.455,0.5,0.455,0.955,0
Daniel Murphy,Andrew Cashner,12,6,2,1,4,1,1,0.5,0.5,0.833,1.333,0
Anthony Rendon,Andrew Cashner,12,5,1,1,2,2,2,0.417,0.5,0.667,1.167,1
Josh Reddick,Nathan Eovaldi,11,5,0,0,3,1,1,0.455,0.5,0.455,0.955,1
Carlos Gomez,Charlie Morton,16,6,1,1,5,1,4,0.375,0.389,0.563,0.951,1
Justin Smoak,Anibal Sanchez,19,2,1,1,2,2,6,0.105,0.19,0.263,0.454,1
Matt Carpenter,Jake Arrieta,35,3,2,2,3,8,10,0.086,0.256,0.257,0.513,0
Yadier Molina,Jake Arrieta,30,6,1,1,2,1,11,0.2,0.25,0.3,0.55,1
Marcell Ozuna,Jake Arrieta,12,1,1,1,1,1,2,0.083,0.154,0.333,0.487,1
Kolten Wong,Jake Arrieta,37,8,1,0,0,1,10,0.216,0.256,0.243,0.5,0
J.D. Martinez,Kyle Gibson,25,9,3,2,5,2,8,0.36,0.407,0.64,1.047,1
Brian Dozier,Rick Porcello,40,8,4,3,8,3,5,0.2,0.256,0.45,0.706,1
Robbie Grossman,Rick Porcello,13,4,2,1,1,1,4,0.308,0.357,0.615,0.973,0
Max Kepler,Rick Porcello,12,3,2,1,3,0,2,0.25,0.25,0.667,0.917,0
Nolan Arenado,Steven Matz,11,3,3,3,7,0,1,0.273,0.273,1.091,1.364,1
Charlie Blackmon,Steven Matz,11,6,2,0,0,1,1,0.545,0.583,0.727,1.311,1
Adam Jones,Max Scherzer,32,13,7,4,5,0,5,0.406,0.406,0.875,1.281,0
Adam Duvall,Kyle Hendricks,14,5,1,1,1,0,4,0.357,0.357,0.571,0.929,1
Joey Votto,Kyle Hendricks,16,8,3,2,2,10,4,0.5,0.692,0.938,1.63,0
Travis Shaw,Carlos Martinez,14,4,1,1,3,2,1,0.286,0.375,0.5,0.875,1
Eric Thames,Carlos Martinez,17,5,3,2,3,2,6,0.294,0.368,0.706,1.074,1
Jonathan Villar,Carlos Martinez,29,11,2,1,3,1,8,0.379,0.4,0.517,0.917,0
Matt Carpenter,Brent Suter,11,4,2,1,2,1,1,0.364,0.462,0.727,1.189,1
Yadier Molina,Brent Suter,10,4,3,2,2,0,1,0.4,0.4,1.1,1.5,0
Justin Upton,Aaron Sanchez,10,5,2,0,0,1,1,0.5,0.545,0.7,1.245,1
Hunter Renfroe,Madison Bumgarner,10,5,4,2,4,0,1,0.5,0.5,1.3,1.8,1
Brandon Belt,Tyson Ross,21,8,3,0,4,5,8,0.381,0.519,0.524,1.042,1
Xander Bogaerts,Kyle Gibson,12,3,1,0,1,0,3,0.25,0.25,0.333,0.583,1
Manny Machado,Max Scherzer,25,2,2,1,2,0,12,0.08,0.08,0.24,0.32,1
Marcus Semien,James Shields,11,3,1,0,0,3,4,0.273,0.429,0.455,0.883,0
Odubel Herrera,Tanner Roark,31,13,5,0,4,3,4,0.419,0.5,0.581,1.081,1
Starling Marte,Patrick Corbin,11,4,2,0,2,1,2,0.364,0.417,0.545,0.962,0
Jordy Mercer,Patrick Corbin,11,4,2,1,1,0,2,0.364,0.364,0.727,1.091,1
Yonder Alonso,Mike Fiers,18,6,2,0,3,4,4,0.333,0.455,0.444,0.899,1
Lonnie Chisenhall,Mike Fiers,10,4,2,1,1,1,1,0.4,0.455,0.8,1.255,0
Yan Gomes,Mike Fiers,11,3,2,1,1,1,4,0.273,0.333,0.636,0.97,0
Jose Ramirez,Mike Fiers,16,6,2,1,2,1,3,0.375,0.412,0.625,1.037,0
Wilmer Flores,Alex Wood,13,4,2,1,1,2,5,0.308,0.4,0.615,1.015,1
Carlos Gomez,CC Sabathia,19,7,2,1,2,0,5,0.368,0.368,0.579,0.947,1
Kevin Kiermaier,CC Sabathia,13,5,2,2,2,0,2,0.385,0.385,0.846,1.231,0
Jose Altuve,Danny Duffy,16,8,3,0,3,2,0,0.5,0.556,0.688,1.243,1
Marwin Gonzalez,Danny Duffy,14,7,2,0,1,0,1,0.5,0.5,0.643,1.143,0
George Springer,Danny Duffy,12,3,3,2,5,4,2,0.25,0.471,0.917,1.387,0
Matt Carpenter,Junior Guerra,11,5,2,0,0,0,3,0.455,0.455,0.636,1.091,1
Derek Dietrich,Jon Gray,10,5,0,0,1,1,1,0.5,0.545,0.5,1.045,1
Albert Pujols,Marco Estrada,10,4,1,1,3,0,2,0.4,0.364,0.7,1.064,1
Andrelton Simmons,Marco Estrada,12,6,2,0,0,2,1,0.5,0.571,0.75,1.321,0
Mike Trout,Marco Estrada,10,4,2,2,3,2,3,0.4,0.5,1,1.5,0
Luis Valbuena,Marco Estrada,20,5,4,2,3,2,5,0.25,0.348,0.65,0.998,1
Brandon Crawford,Clayton Richard,21,8,2,0,4,4,3,0.381,0.48,0.524,1.004,0
Gorkys Hernandez,Clayton Richard,16,8,1,0,0,0,1,0.5,0.5,0.563,1.063,1
Andrew McCutchen,Clayton Richard,12,6,2,2,3,5,1,0.5,0.667,1,1.667,1
Buster Posey,Clayton Richard,32,12,4,2,9,4,1,0.375,0.432,0.625,1.057,0
Brian Dozier,Yovani Gallardo,18,9,3,1,5,1,0,0.5,0.476,0.778,1.254,0
Joe Mauer,Yovani Gallardo,22,9,1,0,4,4,4,0.409,0.481,0.455,0.936,1
Adrian Beltre,Jake Odorizzi,11,3,2,1,1,3,1,0.273,0.429,0.727,1.156,1
Jordy Mercer,Zack Greinke,10,3,2,1,3,1,0,0.3,0.364,0.7,1.064,1
Sean Rodriguez,Zack Greinke,10,4,1,1,2,0,3,0.4,0.4,0.7,1.1,0
Bryce Harper,Aaron Nola,12,5,1,1,4,1,3,0.417,0.429,0.667,1.095,0
Daniel Murphy,Aaron Nola,18,7,4,1,2,1,2,0.389,0.421,0.778,1.199,1
Addison Russell,Anthony DeSclafani,11,4,2,0,5,1,5,0.364,0.417,0.545,0.962,0
Yadier Molina,Chase Anderson,14,5,1,0,2,4,2,0.357,0.5,0.429,0.929,1
Marcell Ozuna,Chase Anderson,16,7,2,1,2,1,4,0.438,0.471,0.688,1.158,1
Tommy Pham,Chase Anderson,11,4,3,2,3,2,2,0.364,0.462,1,1.462,0
Kevin Kiermaier,Sonny Gray,16,4,3,2,4,0,5,0.25,0.294,0.688,0.982,1
Wilson Ramos,Sonny Gray,11,3,2,1,3,1,0,0.273,0.333,0.636,0.97,0
Rajai Davis,Francisco Liriano,39,14,6,1,2,2,6,0.359,0.39,0.59,0.98,0
Jose Iglesias,Trevor Bauer,15,5,2,0,1,1,1,0.333,0.412,0.467,0.878,1
Leonys Martin,Trevor Bauer,11,7,2,0,1,2,2,0.636,0.643,0.818,1.461,0
Jackie Bradley,Mike Leake,11,3,1,1,2,0,0,0.273,0.333,0.545,0.879,0
J.D. Martinez,Mike Leake,11,4,1,1,2,2,2,0.364,0.462,0.636,1.098,1
Jose Altuve,Ian Kennedy,11,4,2,1,1,1,3,0.364,0.417,0.727,1.144,1
Brian McCann,Ian Kennedy,24,8,5,3,5,2,3,0.333,0.385,0.792,1.176,1
Mike Moustakas,Lance McCullers,10,4,1,1,2,1,3,0.4,0.455,0.7,1.155,1
Yasiel Puig,Jacob deGrom,13,3,2,2,2,1,4,0.231,0.286,0.692,0.978,1
Mike Trout,Marcus Stroman,10,5,2,0,1,1,2,0.5,0.545,0.7,1.245,1
Nelson Cruz,Chris Sale,26,8,2,2,4,2,8,0.308,0.357,0.538,0.896,1
Adam Duvall,Mike Montgomery,11,3,1,1,4,1,3,0.273,0.333,0.545,0.879,1
Francisco Lindor,Matt Boyd,17,6,2,1,1,1,1,0.353,0.389,0.588,0.977,1
Jose Ramirez,Matt Boyd,14,4,2,1,4,2,2,0.286,0.353,0.643,0.996,1
Brett Gardner,Matt Andriese,14,5,2,0,0,1,1,0.357,0.4,0.5,0.9,1
Aaron Judge,Matt Andriese,12,7,5,3,6,1,2,0.583,0.643,1.5,2.143,0
Lucas Duda,Gerrit Cole,12,5,4,3,4,0,4,0.417,0.417,1.25,1.667,1
Ryan Braun,Luke Weaver,17,7,3,0,1,0,2,0.412,0.412,0.588,1,1
Matt Carpenter,Jhoulys Chacin,10,2,1,1,2,5,2,0.2,0.467,0.5,0.967,1
Andrew Romine,Chris Sale,14,3,2,0,1,0,3,0.214,0.214,0.357,0.571,1
Kyle Seager,Chris Sale,16,1,0,0,0,0,5,0.063,0.063,0.063,0.125,0
Billy Hamilton,Mike Montgomery,16,3,1,0,1,0,1,0.188,0.188,0.25,0.438,1
Jose Peraza,Mike Montgomery,10,2,0,0,1,0,2,0.2,0.2,0.2,0.4,1
Edwin Encarnacion,Matt Boyd,21,3,1,0,1,3,9,0.143,0.25,0.19,0.44,1
Brandon Guyer,Matt Boyd,14,3,0,0,0,1,2,0.214,0.267,0.214,0.481,0
Jose Bautista,Rich Hill,24,4,2,0,2,3,7,0.167,0.25,0.25,0.5,1
Didi Gregorius,Matt Andriese,15,2,1,0,0,0,0,0.133,0.133,0.2,0.333,1
Adam Jones,Brandon McCarthy,17,4,1,0,3,0,5,0.235,0.222,0.294,0.516,1
Jose Altuve,Jason Hammel,14,2,1,0,0,1,1,0.143,0.2,0.214,0.414,1
Bobby Wilson,Bartolo Colon,10,1,0,0,0,0,1,0.1,0.1,0.1,0.2,1
Jonathan Lucroy,Jordan Zimmermann,19,6,2,2,6,2,3,0.316,0.381,0.632,1.013,1
Colby Rasmus,Felix Hernandez,12,7,1,0,1,4,3,0.583,0.688,0.667,1.354,0
Mark Trumbo,Felix Hernandez,39,10,3,3,9,1,13,0.256,0.275,0.487,0.762,1
Nelson Cruz,Andrew Cashner,13,6,4,1,2,3,3,0.462,0.611,0.923,1.534,0
Kyle Seager,Andrew Cashner,21,7,2,2,6,3,2,0.333,0.417,0.619,1.036,0
Russell Martin,Justin Verlander,24,8,2,1,3,2,9,0.333,0.385,0.5,0.885,0
Justin Smoak,Justin Verlander,20,5,3,3,5,4,11,0.25,0.375,0.7,1.075,1
Victor Martinez,Edwin Jackson,25,5,1,0,1,3,3,0.2,0.286,0.24,0.526,1
Khris Davis,Jordan Zimmermann,12,1,0,0,0,0,4,0.083,0.083,0.083,0.167,0
Giancarlo Stanton,Vince Velasquez,12,1,1,1,1,3,5,0.083,0.267,0.333,0.6,1
Dee Gordon,Andrew Cashner,11,2,0,0,0,1,3,0.182,0.25,0.182,0.432,1
Starlin Castro,Shelby Miller,14,2,1,0,0,0,5,0.143,0.143,0.214,0.357,1
Carlos Gomez,Gio Gonzalez,12,1,1,0,1,1,2,0.083,0.143,0.167,0.31,0
Adeiny Hechavarria,Gio Gonzalez,20,4,2,0,3,0,5,0.2,0.2,0.35,0.55,0
Billy Hamilton,Mike Foltynewicz,10,2,1,0,0,1,2,0.2,0.273,0.3,0.573,0
Jose Altuve,J.A. Happ,14,2,1,1,3,2,1,0.143,0.25,0.357,0.607,1
Jake Marisnick,J.A. Happ,13,1,0,0,0,0,3,0.077,0.077,0.077,0.154,1
Jonathan Lucroy,Jordan Zimmermann,19,6,2,2,6,2,3,0.316,0.381,0.632,1.013,1
Colby Rasmus,Felix Hernandez,12,7,1,0,1,4,3,0.583,0.688,0.667,1.354,0
Mark Trumbo,Felix Hernandez,39,10,3,3,9,1,13,0.256,0.275,0.487,0.762,1
Nelson Cruz,Andrew Cashner,13,6,4,1,2,3,3,0.462,0.611,0.923,1.534,0
Kyle Seager,Andrew Cashner,21,7,2,2,6,3,2,0.333,0.417,0.619,1.036,0
Russell Martin,Justin Verlander,24,8,2,1,3,2,9,0.333,0.385,0.5,0.885,0
Justin Smoak,Justin Verlander,20,5,3,3,5,4,11,0.25,0.375,0.7,1.075,1
Victor Martinez,Edwin Jackson,25,5,1,0,1,3,3,0.2,0.286,0.24,0.526,1
Khris Davis,Jordan Zimmermann,12,1,0,0,0,0,4,0.083,0.083,0.083,0.167,0
Giancarlo Stanton,Vince Velasquez,12,1,1,1,1,3,5,0.083,0.267,0.333,0.6,1
Dee Gordon,Andrew Cashner,11,2,0,0,0,1,3,0.182,0.25,0.182,0.432,1
Starlin Castro,Shelby Miller,14,2,1,0,0,0,5,0.143,0.143,0.214,0.357,1
Carlos Gomez,Gio Gonzalez,12,1,1,0,1,1,2,0.083,0.143,0.167,0.31,0
Adeiny Hechavarria,Gio Gonzalez,20,4,2,0,3,0,5,0.2,0.2,0.35,0.55,0
Billy Hamilton,Mike Foltynewicz,10,2,1,0,0,1,2,0.2,0.273,0.3,0.573,0
Jose Altuve,J.A. Happ,14,2,1,1,3,2,1,0.143,0.25,0.357,0.607,1
Jake Marisnick,J.A. Happ,13,1,0,0,0,0,3,0.077,0.077,0.077,0.154,1
Bryce Harper,Nathan Eovaldi,19,7,1,1,1,3,5,0.368,0.455,0.526,0.981,1
Daniel Murphy,Nathan Eovaldi,19,8,5,1,4,1,1,0.421,0.429,0.789,1.218,1
Kyle Seager,Kevin Gausman,11,3,3,1,2,1,5,0.273,0.333,0.727,1.061,1
Denard Span,Kevin Gausman,13,6,3,0,3,0,0,0.462,0.462,0.692,1.154,0
Albert Pujols,David Price,31,10,4,2,5,0,3,0.323,0.323,0.581,0.903,0
Andrelton Simmons,David Price,12,3,2,1,3,2,5,0.25,0.357,0.583,0.94,1
Enrique Hernandez,Jon Lester,16,5,3,2,6,2,4,0.313,0.389,0.813,1.201,1
Brandon Belt,Chad Bettis,22,9,3,1,4,3,3,0.409,0.48,0.636,1.116,0
Joe Panik,Chad Bettis,15,5,2,1,3,1,0,0.333,0.375,0.6,0.975,1
Adeiny Hechavarria,Max Scherzer,10,0,0,0,0,0,3,0,0,0,0,0
Giancarlo Stanton,Jake Arrieta,11,2,1,1,1,0,2,0.182,0.182,0.455,0.636,1
Carlos Santana,Luis Severino,10,2,1,1,2,1,4,0.2,0.273,0.5,0.773,0
Ian Kinsler,David Price,29,5,4,1,3,2,3,0.172,0.226,0.379,0.605,1
Mike Trout,David Price,23,4,0,0,1,5,11,0.174,0.321,0.174,0.495,1
Chris Young,David Price,14,1,0,0,0,1,5,0.071,0.133,0.071,0.205,1
Dansby Swanson,Matt Harvey,10,1,0,0,0,3,2,0.1,0.308,0.1,0.408,1
Shin-Soo Choo,Tyson Ross,14,1,1,0,0,1,4,0.071,0.133,0.143,0.276,1
Yangervis Solarte,Charlie Morton,10,2,2,0,1,1,1,0.2,0.333,0.4,0.733,1
Logan Forsythe,Jon Lester,16,2,0,0,0,1,5,0.125,0.176,0.125,0.301,0
Kole Calhoun,Rick Porcello,22,7,2,2,3,1,6,0.318,0.348,0.591,0.939,1
Ian Kinsler,Rick Porcello,22,11,2,0,7,0,5,0.5,0.5,0.636,1.136,1
Albert Pujols,Rick Porcello,29,10,4,1,3,0,3,0.345,0.345,0.552,0.897,1
Jose Bautista,Ivan Nova,29,9,4,1,7,8,7,0.31,0.459,0.517,0.977,1
Brian Dozier,James Shields,42,13,9,4,11,7,8,0.31,0.4,0.714,1.114,1
Eddie Rosario,James Shields,14,3,2,1,5,3,1,0.214,0.353,0.5,0.853,0
Carlos Gonzalez,Madison Bumgarner,59,19,9,5,10,4,17,0.322,0.365,0.644,1.009,1
Gorkys Hernandez,Kyle Freeland,15,6,1,1,4,3,2,0.4,0.5,0.6,1.1,1
Joe Panik,Kyle Freeland,12,7,1,0,1,0,1,0.583,0.583,0.667,1.25,0
Steve Pearce,Dallas Keuchel,17,2,1,1,4,1,10,0.118,0.167,0.294,0.461,0
Kyle Seager,Alex Cobb,12,2,0,0,2,2,2,0.167,0.267,0.167,0.433,1
Justin Upton,Rick Porcello,12,2,0,0,2,0,4,0.167,0.167,0.167,0.333,1
Jed Lowrie,Mike Fiers,13,2,1,1,1,1,4,0.154,0.214,0.385,0.599,1
Shin-Soo Choo,Clayton Richard,12,2,0,0,3,1,2,0.167,0.231,0.167,0.397,1
Avisail Garcia,Kyle Gibson,11,1,0,0,0,1,3,0.091,0.167,0.091,0.258,1
Robbie Grossman,James Shields,14,3,0,0,0,1,2,0.214,0.267,0.214,0.481,0
Max Kepler,James Shields,16,2,1,0,0,2,5,0.125,0.222,0.188,0.41,0
Chris Iannetta,Madison Bumgarner,13,2,0,0,0,1,4,0.154,0.267,0.154,0.421,0
Justin Bour,Zack Greinke,12,4,2,1,3,0,5,0.333,0.333,0.667,1,1
Starlin Castro,Zack Greinke,25,9,5,1,3,3,3,0.36,0.429,0.64,1.069,1
Anthony Rizzo,Clayton Kershaw,14,5,3,2,4,0,3,0.357,0.4,0.857,1.257,1
Logan Forsythe,Jose Quintana,11,5,4,1,5,0,2,0.455,0.417,1,1.417,0
Andrew McCutchen,Jon Gray,12,7,2,0,0,2,2,0.583,0.643,0.75,1.393,1
Odubel Herrera,Tanner Roark,34,15,6,1,6,3,4,0.441,0.513,0.676,1.189,0
Bryce Harper,Aaron Nola,14,5,1,1,4,2,3,0.357,0.412,0.571,0.983,1
Daniel Murphy,Aaron Nola,21,8,4,1,4,1,2,0.381,0.409,0.714,1.123,0
Michael Taylor,Aaron Nola,10,4,2,1,3,2,2,0.4,0.5,0.8,1.3,1
Adam Duvall,Junior Guerra,12,3,3,2,3,0,3,0.25,0.25,0.833,1.083,0
Joey Votto,Junior Guerra,11,3,1,1,3,1,2,0.273,0.333,0.545,0.879,0
Nick Williams,Tanner Roark,11,1,0,0,1,1,5,0.091,0.167,0.091,0.258,1
Anthony Rendon,Aaron Nola,14,3,0,0,0,1,5,0.214,0.267,0.214,0.481,1
Trea Turner,Aaron Nola,10,1,0,0,0,0,5,0.1,0.1,0.1,0.2,1
Ryan Braun,Anthony DeSclafani,10,2,0,0,0,0,0,0.2,0.2,0.2,0.4,0
C.J. Cron,Lance McCullers,14,2,1,0,0,2,7,0.143,0.25,0.214,0.464,1
Mookie Betts,CC Sabathia,24,10,2,0,2,4,3,0.417,0.483,0.5,0.983,1
Joey Votto,Chase Anderson,12,4,2,0,2,7,3,0.333,0.579,0.5,1.079,1
Ryan Braun,Sal Romano,10,5,3,1,4,1,3,0.5,0.545,1,1.545,1
Wilson Ramos,Gerrit Cole,12,3,2,2,4,1,2,0.25,0.308,0.75,1.058,1
Jose Abreu,Yovani Gallardo,10,4,2,1,2,1,0,0.4,0.455,0.8,1.255,0
Avisail Garcia,Yovani Gallardo,10,3,3,2,5,1,3,0.3,0.364,1,1.364,1
Matt Carpenter,Julio Teheran,12,6,3,2,4,1,2,0.5,0.538,1.083,1.622,1
Marcell Ozuna,Julio Teheran,42,17,5,3,9,0,7,0.405,0.405,0.667,1.071,1
Brandon Crawford,Patrick Corbin,32,9,5,2,6,2,13,0.281,0.324,0.594,0.917,1
Khris Davis,Trevor Bauer,10,4,2,1,1,1,2,0.4,0.455,0.9,1.355,1
Chris Iannetta,Rich Hill,12,3,2,2,2,0,7,0.25,0.25,0.75,1,1
Enrique Hernandez,Tyler Anderson,18,4,4,1,3,4,2,0.222,0.364,0.611,0.975,0
Justin Turner,Tyler Anderson,18,10,4,1,5,2,0,0.556,0.571,0.889,1.46,1
Xander Bogaerts,CC Sabathia,30,5,2,1,3,10,9,0.167,0.375,0.3,0.675,0
Russell Martin,Francisco Liriano,10,2,0,0,1,0,3,0.2,0.2,0.2,0.4,1
Billy Hamilton,Chase Anderson,14,3,1,0,0,0,3,0.214,0.214,0.286,0.5,0
Eugenio Suarez,Chase Anderson,13,2,1,1,3,2,1,0.154,0.313,0.385,0.697,1
Adeiny Hechavarria,Gerrit Cole,14,0,0,0,0,0,2,0,0,0,0,0
Ian Kinsler,Kevin Gausman,15,8,3,1,1,0,1,0.533,0.563,0.867,1.429,0
Mike Trout,Kevin Gausman,13,7,3,3,3,2,2,0.538,0.6,1.231,1.831,0
Nick Castellanos,J.A. Happ,16,9,3,0,3,2,4,0.563,0.611,0.813,1.424,1
James McCann,J.A. Happ,10,3,2,1,5,1,3,0.3,0.364,0.7,1.064,1
Carlos Gomez,Charlie Morton,18,6,1,1,5,1,4,0.333,0.35,0.5,0.85,1
Mark Reynolds,Jake Arrieta,20,8,2,1,4,1,5,0.4,0.429,0.6,1.029,1
Jason Heyward,Lance Lynn,14,5,2,0,3,2,2,0.357,0.438,0.5,0.938,0
Anthony Rizzo,Lance Lynn,33,11,6,2,8,8,5,0.333,0.476,0.636,1.113,1
Matt Kemp,Chad Bettis,14,5,1,1,4,0,5,0.357,0.357,0.571,0.929,1
Yasiel Puig,Chad Bettis,14,6,2,0,4,2,1,0.429,0.556,0.571,1.127,1
Justin Turner,Chad Bettis,21,9,3,0,5,0,2,0.429,0.429,0.571,1,0
Corey Dickerson,Tyson Ross,19,6,3,2,3,2,4,0.316,0.381,0.684,1.065,1
Jordy Mercer,Tyson Ross,11,5,0,0,0,2,1,0.455,0.538,0.455,0.993,0
Andrew Benintendi,Luis Severino,19,9,5,2,10,2,3,0.474,0.524,1,1.524,1
Mookie Betts,Luis Severino,22,7,3,0,2,3,4,0.318,0.4,0.455,0.855,0
Mitch Moreland,Luis Severino,12,4,2,0,3,1,3,0.333,0.357,0.5,0.857,1
Didi Gregorius,David Price,28,12,3,1,5,1,3,0.429,0.448,0.607,1.055,1
Giancarlo Stanton,David Price,11,4,2,0,3,0,3,0.364,0.364,0.636,1,1
Albert Pujols,Kevin Gausman,10,2,0,0,0,2,0,0.2,0.333,0.2,0.533,1
Victor Martinez,J.A. Happ,16,2,1,0,0,2,2,0.125,0.222,0.188,0.41,0
Didi Gregorius,Anibal Sanchez,11,4,2,2,4,1,2,0.364,0.417,0.909,1.326,1
Adam Eaton,Rick Porcello,13,5,3,1,2,1,3,0.385,0.467,0.846,1.313,1
Kevin Kiermaier,Wei-Yin Chen,13,4,2,1,2,0,2,0.308,0.308,0.692,1,0
Brad Miller,Kyle Gibson,15,6,2,0,1,4,1,0.4,0.55,0.533,1.083,1
Mike Moustakas,Corey Kluber,41,19,8,1,4,3,8,0.463,0.5,0.707,1.207,1
Carlos Gonzalez,Madison Bumgarner,62,20,10,5,10,4,17,0.323,0.364,0.645,1.009,1
Gorkys Hernandez,Kyle Freeland,18,7,1,1,4,3,2,0.389,0.476,0.556,1.032,1
Joe Panik,Kyle Freeland,15,7,1,0,1,0,2,0.467,0.467,0.533,1,0
Josh Harrison,Alex Wood,19,6,3,1,1,0,3,0.316,0.316,0.579,0.895,0
Aaron Hicks,Anibal Sanchez,11,1,0,0,0,1,4,0.091,0.167,0.091,0.258,1
Wilson Ramos,Wei-Yin Chen,10,2,0,0,0,0,1,0.2,0.2,0.2,0.4,1
Lucas Duda,Corey Kluber,10,2,0,0,2,0,4,0.2,0.273,0.2,0.473,1
Alcides Escobar,Corey Kluber,57,10,1,0,0,0,20,0.175,0.175,0.193,0.368,0
Alex Gordon,Corey Kluber,44,7,3,2,6,3,20,0.159,0.275,0.318,0.593,0
Whit Merrifield,Corey Kluber,21,4,0,0,1,0,3,0.19,0.19,0.19,0.381,1
Ian Desmond,Madison Bumgarner,23,6,1,0,2,1,11,0.261,0.292,0.304,0.596,0
Kurt Suzuki,CC Sabathia,39,11,7,4,10,5,6,0.282,0.364,0.667,1.03,0
Giancarlo Stanton,Julio Teheran,35,5,4,3,5,5,12,0.143,0.25,0.429,0.679,1
Starlin Castro,Matt Andriese,14,5,3,2,2,0,4,0.357,0.357,0.857,1.214,1
Andrelton Simmons,Mike Leake,21,8,3,1,2,0,1,0.381,0.381,0.619,1,1
Mike Trout,Mike Leake,12,6,3,1,1,1,2,0.5,0.538,0.917,1.455,1
Justin Upton,Mike Leake,23,9,3,1,3,4,3,0.391,0.481,0.652,1.134,1
Luis Valbuena,Mike Leake,26,10,2,0,1,3,3,0.385,0.448,0.462,0.91,1
Dee Gordon,Garrett Richards,15,6,1,0,1,1,5,0.4,0.438,0.467,0.904,1
Todd Frazier,Marcus Stroman,11,4,1,1,1,3,1,0.364,0.5,0.636,1.136,1
Neil Walker,Julio Teheran,24,3,0,0,2,2,4,0.125,0.214,0.125,0.339,1
Addison Russell,Francisco Liriano,11,2,1,1,3,3,3,0.182,0.357,0.455,0.812,0
James McCann,Jose Quintana,15,3,1,0,1,2,4,0.2,0.294,0.333,0.627,0
Nelson Cruz,Garrett Richards,28,5,3,1,2,2,3,0.179,0.233,0.357,0.59,1
Alex Bregman,Mike Minor,11,2,1,0,1,0,0,0.182,0.182,0.273,0.455,1
Marwin Gonzalez,Mike Minor,10,0,0,0,1,0,4,0,0,0,0,0
Alex Gordon,Trevor Bauer,23,4,2,1,2,6,6,0.174,0.367,0.348,0.714,1
Elvis Andrus,Matt Boyd,10,4,0,0,0,0,0,0.4,0.4,0.4,0.8,1
Adrian Beltre,Matt Boyd,10,4,2,1,2,0,2,0.4,0.4,0.8,1.2,0
Freddie Freeman,Jhoulys Chacin,11,5,3,2,2,3,3,0.455,0.571,1.091,1.662,0
Jose Abreu,Justin Verlander,38,15,7,5,6,5,8,0.395,0.465,0.842,1.307,1
Justin Bour,Jeremy Hellickson,19,3,1,1,1,1,3,0.158,0.2,0.316,0.516,1
J.T. Realmuto,Jeremy Hellickson,26,7,1,0,2,0,3,0.269,0.259,0.308,0.567,1
Rougned Odor,Matt Boyd,12,2,2,1,2,0,2,0.167,0.154,0.5,0.654,0
Tim Anderson,Justin Verlander,16,2,0,0,0,0,6,0.125,0.125,0.125,0.25,0
Yolmer Sanchez,Justin Verlander,13,1,0,0,0,2,5,0.077,0.2,0.077,0.277,1
Jake Marisnick,Carlos Rodon,10,1,1,1,1,0,3,0.1,0.1,0.4,0.5,1
George Springer,Carlos Rodon,12,1,1,0,0,0,3,0.083,0.154,0.167,0.321,1
Freddy Galvis,Shelby Miller,15,2,0,0,0,0,4,0.133,0.133,0.133,0.267,1
Marcell Ozuna,Johnny Cueto,10,2,2,0,1,2,3,0.2,0.385,0.4,0.785,1
Kolten Wong,Johnny Cueto,16,2,0,0,1,1,3,0.125,0.167,0.125,0.292,1
Adam Jones,CC Sabathia,81,24,10,5,15,5,10,0.296,0.33,0.556,0.885,0
Bryce Harper,Ivan Nova,10,5,3,1,5,0,0,0.5,0.455,1,1.455,1
Daniel Murphy,Ivan Nova,11,4,1,0,1,2,0,0.364,0.462,0.455,0.916,1
Matt Wieters,Ivan Nova,39,13,7,4,7,7,3,0.333,0.447,0.718,1.165,1
Justin Bour,Chase Anderson,11,5,2,1,2,0,2,0.455,0.455,0.818,1.273,1
Carlos Gomez,Francisco Liriano,24,11,5,3,5,3,6,0.458,0.536,0.958,1.494,1
Alcides Escobar,Jose Berrios,12,5,3,1,5,0,2,0.417,0.417,0.833,1.25,1
Robbie Grossman,Danny Duffy,15,6,3,1,2,3,3,0.4,0.5,0.733,1.233,0
Jorge Polanco,Danny Duffy,10,4,1,0,1,2,2,0.4,0.5,0.5,1,0
Jonathan Lucroy,Gerrit Cole,25,10,2,0,7,1,4,0.4,0.423,0.48,0.903,1
Yasmani Grandal,Luis Perdomo,14,4,2,2,5,1,4,0.286,0.333,0.714,1.048,1
Justin Turner,Luis Perdomo,10,4,2,1,4,0,0,0.4,0.364,0.8,1.164,1
Freddy Galvis,Clayton Kershaw,10,6,0,0,1,0,0,0.6,0.6,0.6,1.2,0
Brandon Belt,Kyle Hendricks,13,5,2,1,2,0,2,0.385,0.385,0.769,1.154,1
Brandon Crawford,Kyle Hendricks,10,3,2,0,1,2,1,0.3,0.417,0.5,0.917,0
Trey Mancini,CC Sabathia,11,2,0,0,2,0,3,0.182,0.182,0.182,0.364,0
Danny Valencia,CC Sabathia,36,8,2,1,2,0,8,0.222,0.222,0.333,0.556,1
Victor Martinez,Chris Archer,20,3,0,0,2,0,4,0.15,0.15,0.15,0.3,1
Kevin Kiermaier,Francisco Liriano,10,1,1,0,1,0,2,0.1,0.182,0.3,0.482,1
Wilson Ramos,Francisco Liriano,12,2,0,0,0,0,6,0.167,0.167,0.167,0.333,1
Adam Jones,Masahiro Tanaka,27,11,5,3,7,0,5,0.407,0.429,0.815,1.243,1
Trey Mancini,Masahiro Tanaka,11,3,1,1,1,1,1,0.273,0.333,0.545,0.879,0
Jonathan Schoop,Masahiro Tanaka,29,8,5,3,6,0,5,0.276,0.3,0.655,0.955,1
Didi Gregorius,Andrew Cashner,19,5,3,1,1,2,1,0.263,0.333,0.526,0.86,1
Gregory Polanco,Jeremy Hellickson,13,5,2,1,1,0,0,0.385,0.385,0.692,1.077,1
Jackie Bradley,Yovani Gallardo,10,3,3,0,1,1,2,0.3,0.364,0.6,0.964,1
Curtis Granderson,Julio Teheran,35,8,4,3,5,9,5,0.229,0.391,0.514,0.906,0
Russell Martin,Julio Teheran,11,4,2,2,2,2,3,0.364,0.5,0.909,1.409,1
Yangervis Solarte,Julio Teheran,14,6,2,1,2,0,3,0.429,0.5,0.786,1.286,1
Alex Bregman,Sean Manaea,15,3,2,2,2,4,4,0.2,0.4,0.6,1,1
Brian Dozier,Ian Kennedy,26,7,3,2,6,4,4,0.269,0.367,0.538,0.905,1
Eduardo Escobar,Ian Kennedy,21,9,2,2,5,1,4,0.429,0.455,0.714,1.169,1
Max Kepler,Ian Kennedy,12,3,1,1,3,3,3,0.25,0.4,0.5,0.9,1
Logan Morrison,Ian Kennedy,17,7,5,2,4,3,2,0.412,0.524,1.059,1.583,1
Eddie Rosario,Ian Kennedy,17,7,4,1,3,0,1,0.412,0.389,0.765,1.154,1
Jake Lamb,Tyler Anderson,12,3,2,1,4,1,8,0.25,0.333,0.583,0.917,0
DJ LeMahieu,Patrick Corbin,40,15,7,4,7,3,3,0.375,0.419,0.825,1.244,1
Trevor Story,Patrick Corbin,14,5,2,1,2,4,6,0.357,0.5,0.643,1.143,1
Albert Pujols,Mike Leake,19,7,1,0,2,3,1,0.368,0.455,0.421,0.876,1
Andrelton Simmons,Mike Leake,24,9,4,1,2,0,2,0.375,0.375,0.625,1,1
Mike Trout,Mike Leake,14,7,4,1,1,2,2,0.5,0.563,0.929,1.491,1
Justin Upton,Mike Leake,26,10,3,1,3,4,3,0.385,0.467,0.615,1.082,1
Luis Valbuena,Mike Leake,28,12,3,0,3,3,3,0.429,0.484,0.536,1.02,1
